Jazzy;http://streamer.hmx.hu:8000/jazzy.mp3
Juventus;http://92.61.114.159:7812/slagerfm64.mp3
ClassFM;http://icast.connectmedia.hu/4790/live.mp3
MR2 Petofi;http://icast.connectmedia.hu/4738/mr2.mp3
Atlantica Soleil;http://188.165.196.212:8054/stream
African FM;http://majestic.wavestreamer.com:5430/Live
Pan African Allstars;http://lin2.ash.fast-serv.com:8580
AFM;http://stream.radio.co/sdb96b0103/listen
Jaliya - african music;http://stream.laut.fm/jaliya
Kriola - african;http://stream.laut.fm/kriola
ROCK RADIO SI.;http://212.18.63.135:9034/rock
ROCK FM;http://s9.voscast.com:8868
TED talks;http://tunein.streamguys1.com/TEDTalks
WBUR Boston;http://wbur-sc.streamguys.com/wbur_tunein
Boston Rock Radio;http://18193.live.streamtheworld.com/SAM01AAC220_SC?ua=RadioTime&ttag=RadioTime&DIST=TuneIn&TGT=TuneIn&maxServers=2
Lolliradio Italia;http://94.23.67.172:8010/stream
Radio_Blu_Monopoli;http://79.8.96.3:9000
Radio Cubana;http://listen.radionomy.com/radio-cubana?type=.mp3/;stream.mp3
1.FM - blues;http://185.33.21.112:80/blues_128
